"pcoa1"	"pcoa2"	"pcoa3"	"ID_Sample"
-0.240929459207412	0.119465501770452	0.066876018750748	"A1"
-0.287403581431336	0.203221864239534	-0.0602557445832318	"A2"
-0.22370721525259	-0.171312687436001	0.159780392804038	"A3"
-0.1815018872798	-0.195818370552266	-0.181803838791782	"A4"
0.223206100715087	-0.00761737360766565	0.0805559710728659	"B1"
0.255437730577531	0.104394898655842	-0.0700159029293218	"B2"
0.23074464182138	0.0134777234897843	0.053863032505365	"B3"
0.224153670057139	-0.0658115565596797	-0.0489999288286816	"B4"
